"id_serie","fecha","mes","anio","sector","valor"
4,2012-01-01,"enero","2012","Autonomos",408
4,2012-02-01,"febrero","2012","Autonomos",408
4,2012-03-01,"marzo","2012","Autonomos",408
4,2012-04-01,"abril","2012","Autonomos",408
4,2012-05-01,"mayo","2012","Autonomos",408
4,2012-06-01,"junio","2012","Autonomos",408
4,2012-07-01,"julio","2012","Autonomos",408
4,2012-08-01,"agosto","2012","Autonomos",408
4,2012-09-01,"septiembre","2012","Autonomos",408
4,2012-10-01,"octubre","2012","Autonomos",408
4,2012-11-01,"noviembre","2012","Autonomos",409
4,2012-12-01,"diciembre","2012","Autonomos",410
4,2013-01-01,"enero","2013","Autonomos",411
4,2013-02-01,"febrero","2013","Autonomos",420
4,2013-03-01,"marzo","2013","Autonomos",422
4,2013-04-01,"abril","2013","Autonomos",424
4,2013-05-01,"mayo","2013","Autonomos",424
4,2013-06-01,"junio","2013","Autonomos",424
4,2013-07-01,"julio","2013","Autonomos",426
4,2013-08-01,"agosto","2013","Autonomos",428
4,2013-09-01,"septiembre","2013","Autonomos",429
4,2013-10-01,"octubre","2013","Autonomos",429
4,2013-11-01,"noviembre","2013","Autonomos",426
4,2013-12-01,"diciembre","2013","Autonomos",424
4,2014-01-01,"enero","2014","Autonomos",424
4,2014-02-01,"febrero","2014","Autonomos",421
4,2014-03-01,"marzo","2014","Autonomos",424
4,2014-04-01,"abril","2014","Autonomos",424
4,2014-05-01,"mayo","2014","Autonomos",421
4,2014-06-01,"junio","2014","Autonomos",417
4,2014-07-01,"julio","2014","Autonomos",416
4,2014-08-01,"agosto","2014","Autonomos",413
4,2014-09-01,"septiembre","2014","Autonomos",411
4,2014-10-01,"octubre","2014","Autonomos",408
4,2014-11-01,"noviembre","2014","Autonomos",407
4,2014-12-01,"diciembre","2014","Autonomos",407
4,2015-01-01,"enero","2015","Autonomos",407
4,2015-02-01,"febrero","2015","Autonomos",412
4,2015-03-01,"marzo","2015","Autonomos",411
4,2015-04-01,"abril","2015","Autonomos",412
4,2015-05-01,"mayo","2015","Autonomos",412
4,2015-06-01,"junio","2015","Autonomos",412
4,2015-07-01,"julio","2015","Autonomos",411
4,2015-08-01,"agosto","2015","Autonomos",410
4,2015-09-01,"septiembre","2015","Autonomos",410
4,2015-10-01,"octubre","2015","Autonomos",409
4,2015-11-01,"noviembre","2015","Autonomos",408
4,2015-12-01,"diciembre","2015","Autonomos",407
4,2016-01-01,"enero","2016","Autonomos",407
4,2016-02-01,"febrero","2016","Autonomos",408
4,2016-03-01,"marzo","2016","Autonomos",409
4,2016-04-01,"abril","2016","Autonomos",410
4,2016-05-01,"mayo","2016","Autonomos",417
4,2016-06-01,"junio","2016","Autonomos",420
4,2016-07-01,"julio","2016","Autonomos",417
4,2016-08-01,"agosto","2016","Autonomos",416
4,2016-09-01,"septiembre","2016","Autonomos",415
4,2016-10-01,"octubre","2016","Autonomos",414
4,2016-11-01,"noviembre","2016","Autonomos",413
4,2016-12-01,"diciembre","2016","Autonomos",411
4,2017-01-01,"enero","2017","Autonomos",408
4,2017-02-01,"febrero","2017","Autonomos",405
4,2017-03-01,"marzo","2017","Autonomos",403
4,2017-04-01,"abril","2017","Autonomos",400
4,2017-05-01,"mayo","2017","Autonomos",401
4,2017-06-01,"junio","2017","Autonomos",400
4,2017-07-01,"julio","2017","Autonomos",400
4,2017-08-01,"agosto","2017","Autonomos",399
4,2017-09-01,"septiembre","2017","Autonomos",399
4,2017-10-01,"octubre","2017","Autonomos",402
4,2017-11-01,"noviembre","2017","Autonomos",402
4,2017-12-01,"diciembre","2017","Autonomos",403
4,2018-01-01,"enero","2018","Autonomos",403
4,2018-02-01,"febrero","2018","Autonomos",403
4,2018-03-01,"marzo","2018","Autonomos",403
4,2018-04-01,"abril","2018","Autonomos",404
4,2018-05-01,"mayo","2018","Autonomos",403
4,2018-06-01,"junio","2018","Autonomos",404
4,2018-07-01,"julio","2018","Autonomos",403
4,2018-08-01,"agosto","2018","Autonomos",400
4,2018-09-01,"septiembre","2018","Autonomos",400
4,2018-10-01,"octubre","2018","Autonomos",400
4,2018-11-01,"noviembre","2018","Autonomos",399
4,2018-12-01,"diciembre","2018","Autonomos",399
4,2019-01-01,"enero","2019","Autonomos",401
4,2019-02-01,"febrero","2019","Autonomos",400
4,2019-03-01,"marzo","2019","Autonomos",400
4,2019-04-01,"abril","2019","Autonomos",399
4,2019-05-01,"mayo","2019","Autonomos",399
4,2019-06-01,"junio","2019","Autonomos",398
4,2019-07-01,"julio","2019","Autonomos",397
4,2019-08-01,"agosto","2019","Autonomos",400
4,2019-09-01,"septiembre","2019","Autonomos",400
4,2019-10-01,"octubre","2019","Autonomos",399
4,2019-11-01,"noviembre","2019","Autonomos",404
4,2019-12-01,"diciembre","2019","Autonomos",404
4,2020-01-01,"enero","2020","Autonomos",402
4,2020-02-01,"febrero","2020","Autonomos",398
4,2020-03-01,"marzo","2020","Autonomos",392
4,2020-04-01,"abril","2020","Autonomos",385
4,2020-05-01,"mayo","2020","Autonomos",381
4,2020-06-01,"junio","2020","Autonomos",382
4,2020-07-01,"julio","2020","Autonomos",392
4,2020-08-01,"agosto","2020","Autonomos",392
4,2020-09-01,"septiembre","2020","Autonomos",391
4,2020-10-01,"octubre","2020","Autonomos",385
4,2020-11-01,"noviembre","2020","Autonomos",380
4,2020-12-01,"diciembre","2020","Autonomos",377
4,2021-01-01,"enero","2021","Autonomos",376
4,2021-02-01,"febrero","2021","Autonomos",378
4,2021-03-01,"marzo","2021","Autonomos",381
4,2021-04-01,"abril","2021","Autonomos",381
4,2021-05-01,"mayo","2021","Autonomos",381
4,2021-06-01,"junio","2021","Autonomos",380
4,2021-07-01,"julio","2021","Autonomos",378
4,2021-08-01,"agosto","2021","Autonomos",384
4,2021-09-01,"septiembre","2021","Autonomos",385
4,2021-10-01,"octubre","2021","Autonomos",385
4,2021-11-01,"noviembre","2021","Autonomos",385
4,2021-12-01,"diciembre","2021","Autonomos",386
4,2022-01-01,"enero","2022","Autonomos",386
4,2022-02-01,"febrero","2022","Autonomos",387
4,2022-03-01,"marzo","2022","Autonomos",389
4,2022-04-01,"abril","2022","Autonomos",390
4,2022-05-01,"mayo","2022","Autonomos",393
4,2022-06-01,"junio","2022","Autonomos",394
4,2022-07-01,"julio","2022","Autonomos",394
4,2022-08-01,"agosto","2022","Autonomos",391
4,2022-09-01,"septiembre","2022","Autonomos",391
4,2022-10-01,"octubre","2022","Autonomos",393
4,2022-11-01,"noviembre","2022","Autonomos",394
4,2022-12-01,"diciembre","2022","Autonomos",397
4,2023-01-01,"enero","2023","Autonomos",399
4,2023-02-01,"febrero","2023","Autonomos",400
4,2023-03-01,"marzo","2023","Autonomos",400
4,2023-04-01,"abril","2023","Autonomos",401
4,2012-01-01,"enero","2012","Casas_particulares",389
4,2012-02-01,"febrero","2012","Casas_particulares",390
4,2012-03-01,"marzo","2012","Casas_particulares",390
4,2012-04-01,"abril","2012","Casas_particulares",392
4,2012-05-01,"mayo","2012","Casas_particulares",393
4,2012-06-01,"junio","2012","Casas_particulares",395
4,2012-07-01,"julio","2012","Casas_particulares",395
4,2012-08-01,"agosto","2012","Casas_particulares",397
4,2012-09-01,"septiembre","2012","Casas_particulares",398
4,2012-10-01,"octubre","2012","Casas_particulares",400
4,2012-11-01,"noviembre","2012","Casas_particulares",401
4,2012-12-01,"diciembre","2012","Casas_particulares",403
4,2013-01-01,"enero","2013","Casas_particulares",408
4,2013-02-01,"febrero","2013","Casas_particulares",410
4,2013-03-01,"marzo","2013","Casas_particulares",409
4,2013-04-01,"abril","2013","Casas_particulares",410
4,2013-05-01,"mayo","2013","Casas_particulares",418
4,2013-06-01,"junio","2013","Casas_particulares",434
4,2013-07-01,"julio","2013","Casas_particulares",440
4,2013-08-01,"agosto","2013","Casas_particulares",440
4,2013-09-01,"septiembre","2013","Casas_particulares",443
4,2013-10-01,"octubre","2013","Casas_particulares",446
4,2013-11-01,"noviembre","2013","Casas_particulares",450
4,2013-12-01,"diciembre","2013","Casas_particulares",452
4,2014-01-01,"enero","2014","Casas_particulares",455
4,2014-02-01,"febrero","2014","Casas_particulares",457
4,2014-03-01,"marzo","2014","Casas_particulares",455
4,2014-04-01,"abril","2014","Casas_particulares",454
4,2014-05-01,"mayo","2014","Casas_particulares",457
4,2014-06-01,"junio","2014","Casas_particulares",460
4,2014-07-01,"julio","2014","Casas_particulares",460
4,2014-08-01,"agosto","2014","Casas_particulares",460
4,2014-09-01,"septiembre","2014","Casas_particulares",460
4,2014-10-01,"octubre","2014","Casas_particulares",461
4,2014-11-01,"noviembre","2014","Casas_particulares",460
4,2014-12-01,"diciembre","2014","Casas_particulares",449
4,2015-01-01,"enero","2015","Casas_particulares",440
4,2015-02-01,"febrero","2015","Casas_particulares",441
4,2015-03-01,"marzo","2015","Casas_particulares",442
4,2015-04-01,"abril","2015","Casas_particulares",442
4,2015-05-01,"mayo","2015","Casas_particulares",442
4,2015-06-01,"junio","2015","Casas_particulares",442
4,2015-07-01,"julio","2015","Casas_particulares",442
4,2015-08-01,"agosto","2015","Casas_particulares",443
4,2015-09-01,"septiembre","2015","Casas_particulares",443
4,2015-10-01,"octubre","2015","Casas_particulares",444
4,2015-11-01,"noviembre","2015","Casas_particulares",445
4,2015-12-01,"diciembre","2015","Casas_particulares",446
4,2016-01-01,"enero","2016","Casas_particulares",445
4,2016-02-01,"febrero","2016","Casas_particulares",444
4,2016-03-01,"marzo","2016","Casas_particulares",448
4,2016-04-01,"abril","2016","Casas_particulares",451
4,2016-05-01,"mayo","2016","Casas_particulares",453
4,2016-06-01,"junio","2016","Casas_particulares",454
4,2016-07-01,"julio","2016","Casas_particulares",454
4,2016-08-01,"agosto","2016","Casas_particulares",455
4,2016-09-01,"septiembre","2016","Casas_particulares",455
4,2016-10-01,"octubre","2016","Casas_particulares",456
4,2016-11-01,"noviembre","2016","Casas_particulares",458
4,2016-12-01,"diciembre","2016","Casas_particulares",459
4,2017-01-01,"enero","2017","Casas_particulares",460
4,2017-02-01,"febrero","2017","Casas_particulares",461
4,2017-03-01,"marzo","2017","Casas_particulares",462
4,2017-04-01,"abril","2017","Casas_particulares",463
4,2017-05-01,"mayo","2017","Casas_particulares",466
4,2017-06-01,"junio","2017","Casas_particulares",466
4,2017-07-01,"julio","2017","Casas_particulares",467
4,2017-08-01,"agosto","2017","Casas_particulares",468
4,2017-09-01,"septiembre","2017","Casas_particulares",470
4,2017-10-01,"octubre","2017","Casas_particulares",472
4,2017-11-01,"noviembre","2017","Casas_particulares",474
4,2017-12-01,"diciembre","2017","Casas_particulares",475
4,2018-01-01,"enero","2018","Casas_particulares",477
4,2018-02-01,"febrero","2018","Casas_particulares",479
4,2018-03-01,"marzo","2018","Casas_particulares",481
4,2018-04-01,"abril","2018","Casas_particulares",481
4,2018-05-01,"mayo","2018","Casas_particulares",481
4,2018-06-01,"junio","2018","Casas_particulares",484
4,2018-07-01,"julio","2018","Casas_particulares",486
4,2018-08-01,"agosto","2018","Casas_particulares",489
4,2018-09-01,"septiembre","2018","Casas_particulares",491
4,2018-10-01,"octubre","2018","Casas_particulares",490
4,2018-11-01,"noviembre","2018","Casas_particulares",490
4,2018-12-01,"diciembre","2018","Casas_particulares",491
4,2019-01-01,"enero","2019","Casas_particulares",492
4,2019-02-01,"febrero","2019","Casas_particulares",493
4,2019-03-01,"marzo","2019","Casas_particulares",494
4,2019-04-01,"abril","2019","Casas_particulares",496
4,2019-05-01,"mayo","2019","Casas_particulares",497
4,2019-06-01,"junio","2019","Casas_particulares",498
4,2019-07-01,"julio","2019","Casas_particulares",498
4,2019-08-01,"agosto","2019","Casas_particulares",498
4,2019-09-01,"septiembre","2019","Casas_particulares",499
4,2019-10-01,"octubre","2019","Casas_particulares",500
4,2019-11-01,"noviembre","2019","Casas_particulares",501
4,2019-12-01,"diciembre","2019","Casas_particulares",500
4,2020-01-01,"enero","2020","Casas_particulares",500
4,2020-02-01,"febrero","2020","Casas_particulares",499
4,2020-03-01,"marzo","2020","Casas_particulares",499
4,2020-04-01,"abril","2020","Casas_particulares",491
4,2020-05-01,"mayo","2020","Casas_particulares",482
4,2020-06-01,"junio","2020","Casas_particulares",483
4,2020-07-01,"julio","2020","Casas_particulares",482
4,2020-08-01,"agosto","2020","Casas_particulares",480
4,2020-09-01,"septiembre","2020","Casas_particulares",479
4,2020-10-01,"octubre","2020","Casas_particulares",477
4,2020-11-01,"noviembre","2020","Casas_particulares",477
4,2020-12-01,"diciembre","2020","Casas_particulares",475
4,2021-01-01,"enero","2021","Casas_particulares",474
4,2021-02-01,"febrero","2021","Casas_particulares",474
4,2021-03-01,"marzo","2021","Casas_particulares",474
4,2021-04-01,"abril","2021","Casas_particulares",475
4,2021-05-01,"mayo","2021","Casas_particulares",476
4,2021-06-01,"junio","2021","Casas_particulares",475
4,2021-07-01,"julio","2021","Casas_particulares",474
4,2021-08-01,"agosto","2021","Casas_particulares",473
4,2021-09-01,"septiembre","2021","Casas_particulares",472
4,2021-10-01,"octubre","2021","Casas_particulares",473
4,2021-11-01,"noviembre","2021","Casas_particulares",473
4,2021-12-01,"diciembre","2021","Casas_particulares",475
4,2022-01-01,"enero","2022","Casas_particulares",474
4,2022-02-01,"febrero","2022","Casas_particulares",473
4,2022-03-01,"marzo","2022","Casas_particulares",473
4,2022-04-01,"abril","2022","Casas_particulares",473
4,2022-05-01,"mayo","2022","Casas_particulares",473
4,2022-06-01,"junio","2022","Casas_particulares",473
4,2022-07-01,"julio","2022","Casas_particulares",472
4,2022-08-01,"agosto","2022","Casas_particulares",473
4,2022-09-01,"septiembre","2022","Casas_particulares",472
4,2022-10-01,"octubre","2022","Casas_particulares",471
4,2022-11-01,"noviembre","2022","Casas_particulares",470
4,2022-12-01,"diciembre","2022","Casas_particulares",469
4,2023-01-01,"enero","2023","Casas_particulares",468
4,2023-02-01,"febrero","2023","Casas_particulares",467
4,2023-03-01,"marzo","2023","Casas_particulares",466
4,2023-04-01,"abril","2023","Casas_particulares",467
4,2012-01-01,"enero","2012","Monotributistas",1315
4,2012-02-01,"febrero","2012","Monotributistas",1315
4,2012-03-01,"marzo","2012","Monotributistas",1315
4,2012-04-01,"abril","2012","Monotributistas",1318
4,2012-05-01,"mayo","2012","Monotributistas",1322
4,2012-06-01,"junio","2012","Monotributistas",1333
4,2012-07-01,"julio","2012","Monotributistas",1342
4,2012-08-01,"agosto","2012","Monotributistas",1347
4,2012-09-01,"septiembre","2012","Monotributistas",1352
4,2012-10-01,"octubre","2012","Monotributistas",1360
4,2012-11-01,"noviembre","2012","Monotributistas",1365
4,2012-12-01,"diciembre","2012","Monotributistas",1365
4,2013-01-01,"enero","2013","Monotributistas",1370
4,2013-02-01,"febrero","2013","Monotributistas",1370
4,2013-03-01,"marzo","2013","Monotributistas",1377
4,2013-04-01,"abril","2013","Monotributistas",1384
4,2013-05-01,"mayo","2013","Monotributistas",1394
4,2013-06-01,"junio","2013","Monotributistas",1402
4,2013-07-01,"julio","2013","Monotributistas",1412
4,2013-08-01,"agosto","2013","Monotributistas",1424
4,2013-09-01,"septiembre","2013","Monotributistas",1438
4,2013-10-01,"octubre","2013","Monotributistas",1455
4,2013-11-01,"noviembre","2013","Monotributistas",1461
4,2013-12-01,"diciembre","2013","Monotributistas",1461
4,2014-01-01,"enero","2014","Monotributistas",1463
4,2014-02-01,"febrero","2014","Monotributistas",1464
4,2014-03-01,"marzo","2014","Monotributistas",1463
4,2014-04-01,"abril","2014","Monotributistas",1467
4,2014-05-01,"mayo","2014","Monotributistas",1473
4,2014-06-01,"junio","2014","Monotributistas",1480
4,2014-07-01,"julio","2014","Monotributistas",1480
4,2014-08-01,"agosto","2014","Monotributistas",1481
4,2014-09-01,"septiembre","2014","Monotributistas",1485
4,2014-10-01,"octubre","2014","Monotributistas",1485
4,2014-11-01,"noviembre","2014","Monotributistas",1474
4,2014-12-01,"diciembre","2014","Monotributistas",1453
4,2015-01-01,"enero","2015","Monotributistas",1440
4,2015-02-01,"febrero","2015","Monotributistas",1430
4,2015-03-01,"marzo","2015","Monotributistas",1433
4,2015-04-01,"abril","2015","Monotributistas",1433
4,2015-05-01,"mayo","2015","Monotributistas",1439
4,2015-06-01,"junio","2015","Monotributistas",1452
4,2015-07-01,"julio","2015","Monotributistas",1454
4,2015-08-01,"agosto","2015","Monotributistas",1455
4,2015-09-01,"septiembre","2015","Monotributistas",1458
4,2015-10-01,"octubre","2015","Monotributistas",1455
4,2015-11-01,"noviembre","2015","Monotributistas",1453
4,2015-12-01,"diciembre","2015","Monotributistas",1446
4,2016-01-01,"enero","2016","Monotributistas",1444
4,2016-02-01,"febrero","2016","Monotributistas",1440
4,2016-03-01,"marzo","2016","Monotributistas",1442
4,2016-04-01,"abril","2016","Monotributistas",1448
4,2016-05-01,"mayo","2016","Monotributistas",1456
4,2016-06-01,"junio","2016","Monotributistas",1472
4,2016-07-01,"julio","2016","Monotributistas",1475
4,2016-08-01,"agosto","2016","Monotributistas",1478
4,2016-09-01,"septiembre","2016","Monotributistas",1485
4,2016-10-01,"octubre","2016","Monotributistas",1490
4,2016-11-01,"noviembre","2016","Monotributistas",1491
4,2016-12-01,"diciembre","2016","Monotributistas",1491
4,2017-01-01,"enero","2017","Monotributistas",1508
4,2017-02-01,"febrero","2017","Monotributistas",1523
4,2017-03-01,"marzo","2017","Monotributistas",1519
4,2017-04-01,"abril","2017","Monotributistas",1520
4,2017-05-01,"mayo","2017","Monotributistas",1533
4,2017-06-01,"junio","2017","Monotributistas",1540
4,2017-07-01,"julio","2017","Monotributistas",1551
4,2017-08-01,"agosto","2017","Monotributistas",1571
4,2017-09-01,"septiembre","2017","Monotributistas",1582
4,2017-10-01,"octubre","2017","Monotributistas",1599
4,2017-11-01,"noviembre","2017","Monotributistas",1599
4,2017-12-01,"diciembre","2017","Monotributistas",1594
4,2018-01-01,"enero","2018","Monotributistas",1596
4,2018-02-01,"febrero","2018","Monotributistas",1595
4,2018-03-01,"marzo","2018","Monotributistas",1594
4,2018-04-01,"abril","2018","Monotributistas",1596
4,2018-05-01,"mayo","2018","Monotributistas",1601
4,2018-06-01,"junio","2018","Monotributistas",1607
4,2018-07-01,"julio","2018","Monotributistas",1606
4,2018-08-01,"agosto","2018","Monotributistas",1610
4,2018-09-01,"septiembre","2018","Monotributistas",1616
4,2018-10-01,"octubre","2018","Monotributistas",1578
4,2018-11-01,"noviembre","2018","Monotributistas",1573
4,2018-12-01,"diciembre","2018","Monotributistas",1567
4,2019-01-01,"enero","2019","Monotributistas",1582
4,2019-02-01,"febrero","2019","Monotributistas",1596
4,2019-03-01,"marzo","2019","Monotributistas",1577
4,2019-04-01,"abril","2019","Monotributistas",1578
4,2019-05-01,"mayo","2019","Monotributistas",1585
4,2019-06-01,"junio","2019","Monotributistas",1582
4,2019-07-01,"julio","2019","Monotributistas",1596
4,2019-08-01,"agosto","2019","Monotributistas",1606
4,2019-09-01,"septiembre","2019","Monotributistas",1622
4,2019-10-01,"octubre","2019","Monotributistas",1629
4,2019-11-01,"noviembre","2019","Monotributistas",1621
4,2019-12-01,"diciembre","2019","Monotributistas",1625
4,2020-01-01,"enero","2020","Monotributistas",1630
4,2020-02-01,"febrero","2020","Monotributistas",1628
4,2020-03-01,"marzo","2020","Monotributistas",1606
4,2020-04-01,"abril","2020","Monotributistas",1586
4,2020-05-01,"mayo","2020","Monotributistas",1552
4,2020-06-01,"junio","2020","Monotributistas",1570
4,2020-07-01,"julio","2020","Monotributistas",1594
4,2020-08-01,"agosto","2020","Monotributistas",1625
4,2020-09-01,"septiembre","2020","Monotributistas",1646
4,2020-10-01,"octubre","2020","Monotributistas",1665
4,2020-11-01,"noviembre","2020","Monotributistas",1652
4,2020-12-01,"diciembre","2020","Monotributistas",1646
4,2021-01-01,"enero","2021","Monotributistas",1649
4,2021-02-01,"febrero","2021","Monotributistas",1656
4,2021-03-01,"marzo","2021","Monotributistas",1664
4,2021-04-01,"abril","2021","Monotributistas",1687
4,2021-05-01,"mayo","2021","Monotributistas",1693
4,2021-06-01,"junio","2021","Monotributistas",1709
4,2021-07-01,"julio","2021","Monotributistas",1732
4,2021-08-01,"agosto","2021","Monotributistas",1737
4,2021-09-01,"septiembre","2021","Monotributistas",1768
4,2021-10-01,"octubre","2021","Monotributistas",1785
4,2021-11-01,"noviembre","2021","Monotributistas",1800
4,2021-12-01,"diciembre","2021","Monotributistas",1770
4,2022-01-01,"enero","2022","Monotributistas",1777
4,2022-02-01,"febrero","2022","Monotributistas",1800
4,2022-03-01,"marzo","2022","Monotributistas",1819
4,2022-04-01,"abril","2022","Monotributistas",1844
4,2022-05-01,"mayo","2022","Monotributistas",1874
4,2022-06-01,"junio","2022","Monotributistas",1824
4,2022-07-01,"julio","2022","Monotributistas",1860
4,2022-08-01,"agosto","2022","Monotributistas",1895
4,2022-09-01,"septiembre","2022","Monotributistas",1873
4,2022-10-01,"octubre","2022","Monotributistas",1900
4,2022-11-01,"noviembre","2022","Monotributistas",1934
4,2022-12-01,"diciembre","2022","Monotributistas",1884
4,2023-01-01,"enero","2023","Monotributistas",1895
4,2023-02-01,"febrero","2023","Monotributistas",1904
4,2023-03-01,"marzo","2023","Monotributistas",1895
4,2023-04-01,"abril","2023","Monotributistas",1900
4,2012-01-01,"enero","2012","Monotributistas_sociales",168
4,2012-02-01,"febrero","2012","Monotributistas_sociales",169
4,2012-03-01,"marzo","2012","Monotributistas_sociales",170
4,2012-04-01,"abril","2012","Monotributistas_sociales",173
4,2012-05-01,"mayo","2012","Monotributistas_sociales",173
4,2012-06-01,"junio","2012","Monotributistas_sociales",175
4,2012-07-01,"julio","2012","Monotributistas_sociales",178
4,2012-08-01,"agosto","2012","Monotributistas_sociales",180
4,2012-09-01,"septiembre","2012","Monotributistas_sociales",182
4,2012-10-01,"octubre","2012","Monotributistas_sociales",183
4,2012-11-01,"noviembre","2012","Monotributistas_sociales",185
4,2012-12-01,"diciembre","2012","Monotributistas_sociales",187
4,2013-01-01,"enero","2013","Monotributistas_sociales",187
4,2013-02-01,"febrero","2013","Monotributistas_sociales",189
4,2013-03-01,"marzo","2013","Monotributistas_sociales",190
4,2013-04-01,"abril","2013","Monotributistas_sociales",192
4,2013-05-01,"mayo","2013","Monotributistas_sociales",194
4,2013-06-01,"junio","2013","Monotributistas_sociales",196
4,2013-07-01,"julio","2013","Monotributistas_sociales",204
4,2013-08-01,"agosto","2013","Monotributistas_sociales",242
4,2013-09-01,"septiembre","2013","Monotributistas_sociales",274
4,2013-10-01,"octubre","2013","Monotributistas_sociales",285
4,2013-11-01,"noviembre","2013","Monotributistas_sociales",290
4,2013-12-01,"diciembre","2013","Monotributistas_sociales",293
4,2014-01-01,"enero","2014","Monotributistas_sociales",294
4,2014-02-01,"febrero","2014","Monotributistas_sociales",297
4,2014-03-01,"marzo","2014","Monotributistas_sociales",301
4,2014-04-01,"abril","2014","Monotributistas_sociales",304
4,2014-05-01,"mayo","2014","Monotributistas_sociales",307
4,2014-06-01,"junio","2014","Monotributistas_sociales",310
4,2014-07-01,"julio","2014","Monotributistas_sociales",314
4,2014-08-01,"agosto","2014","Monotributistas_sociales",316
4,2014-09-01,"septiembre","2014","Monotributistas_sociales",322
4,2014-10-01,"octubre","2014","Monotributistas_sociales",329
4,2014-11-01,"noviembre","2014","Monotributistas_sociales",334
4,2014-12-01,"diciembre","2014","Monotributistas_sociales",338
4,2015-01-01,"enero","2015","Monotributistas_sociales",342
4,2015-02-01,"febrero","2015","Monotributistas_sociales",347
4,2015-03-01,"marzo","2015","Monotributistas_sociales",348
4,2015-04-01,"abril","2015","Monotributistas_sociales",349
4,2015-05-01,"mayo","2015","Monotributistas_sociales",351
4,2015-06-01,"junio","2015","Monotributistas_sociales",354
4,2015-07-01,"julio","2015","Monotributistas_sociales",355
4,2015-08-01,"agosto","2015","Monotributistas_sociales",355
4,2015-09-01,"septiembre","2015","Monotributistas_sociales",356
4,2015-10-01,"octubre","2015","Monotributistas_sociales",355
4,2015-11-01,"noviembre","2015","Monotributistas_sociales",355
4,2015-12-01,"diciembre","2015","Monotributistas_sociales",353
4,2016-01-01,"enero","2016","Monotributistas_sociales",355
4,2016-02-01,"febrero","2016","Monotributistas_sociales",356
4,2016-03-01,"marzo","2016","Monotributistas_sociales",357
4,2016-04-01,"abril","2016","Monotributistas_sociales",358
4,2016-05-01,"mayo","2016","Monotributistas_sociales",358
4,2016-06-01,"junio","2016","Monotributistas_sociales",359
4,2016-07-01,"julio","2016","Monotributistas_sociales",361
4,2016-08-01,"agosto","2016","Monotributistas_sociales",363
4,2016-09-01,"septiembre","2016","Monotributistas_sociales",368
4,2016-10-01,"octubre","2016","Monotributistas_sociales",376
4,2016-11-01,"noviembre","2016","Monotributistas_sociales",382
4,2016-12-01,"diciembre","2016","Monotributistas_sociales",382
4,2017-01-01,"enero","2017","Monotributistas_sociales",381
4,2017-02-01,"febrero","2017","Monotributistas_sociales",380
4,2017-03-01,"marzo","2017","Monotributistas_sociales",388
4,2017-04-01,"abril","2017","Monotributistas_sociales",388
4,2017-05-01,"mayo","2017","Monotributistas_sociales",388
4,2017-06-01,"junio","2017","Monotributistas_sociales",394
4,2017-07-01,"julio","2017","Monotributistas_sociales",400
4,2017-08-01,"agosto","2017","Monotributistas_sociales",400
4,2017-09-01,"septiembre","2017","Monotributistas_sociales",410
4,2017-10-01,"octubre","2017","Monotributistas_sociales",409
4,2017-11-01,"noviembre","2017","Monotributistas_sociales",413
4,2017-12-01,"diciembre","2017","Monotributistas_sociales",419
4,2018-01-01,"enero","2018","Monotributistas_sociales",419
4,2018-02-01,"febrero","2018","Monotributistas_sociales",423
4,2018-03-01,"marzo","2018","Monotributistas_sociales",423
4,2018-04-01,"abril","2018","Monotributistas_sociales",417
4,2018-05-01,"mayo","2018","Monotributistas_sociales",414
4,2018-06-01,"junio","2018","Monotributistas_sociales",405
4,2018-07-01,"julio","2018","Monotributistas_sociales",344
4,2018-08-01,"agosto","2018","Monotributistas_sociales",347
4,2018-09-01,"septiembre","2018","Monotributistas_sociales",346
4,2018-10-01,"octubre","2018","Monotributistas_sociales",349
4,2018-11-01,"noviembre","2018","Monotributistas_sociales",354
4,2018-12-01,"diciembre","2018","Monotributistas_sociales",361
4,2019-01-01,"enero","2019","Monotributistas_sociales",352
4,2019-02-01,"febrero","2019","Monotributistas_sociales",345
4,2019-03-01,"marzo","2019","Monotributistas_sociales",358
4,2019-04-01,"abril","2019","Monotributistas_sociales",358
4,2019-05-01,"mayo","2019","Monotributistas_sociales",355
4,2019-06-01,"junio","2019","Monotributistas_sociales",357
4,2019-07-01,"julio","2019","Monotributistas_sociales",351
4,2019-08-01,"agosto","2019","Monotributistas_sociales",365
4,2019-09-01,"septiembre","2019","Monotributistas_sociales",359
4,2019-10-01,"octubre","2019","Monotributistas_sociales",355
4,2019-11-01,"noviembre","2019","Monotributistas_sociales",365
4,2019-12-01,"diciembre","2019","Monotributistas_sociales",366
4,2020-01-01,"enero","2020","Monotributistas_sociales",366
4,2020-02-01,"febrero","2020","Monotributistas_sociales",365
4,2020-03-01,"marzo","2020","Monotributistas_sociales",362
4,2020-04-01,"abril","2020","Monotributistas_sociales",355
4,2020-05-01,"mayo","2020","Monotributistas_sociales",353
4,2020-06-01,"junio","2020","Monotributistas_sociales",350
4,2020-07-01,"julio","2020","Monotributistas_sociales",355
4,2020-08-01,"agosto","2020","Monotributistas_sociales",352
4,2020-09-01,"septiembre","2020","Monotributistas_sociales",352
4,2020-10-01,"octubre","2020","Monotributistas_sociales",353
4,2020-11-01,"noviembre","2020","Monotributistas_sociales",354
4,2020-12-01,"diciembre","2020","Monotributistas_sociales",353
4,2021-01-01,"enero","2021","Monotributistas_sociales",359
4,2021-02-01,"febrero","2021","Monotributistas_sociales",363
4,2021-03-01,"marzo","2021","Monotributistas_sociales",363
4,2021-04-01,"abril","2021","Monotributistas_sociales",361
4,2021-05-01,"mayo","2021","Monotributistas_sociales",367
4,2021-06-01,"junio","2021","Monotributistas_sociales",368
4,2021-07-01,"julio","2021","Monotributistas_sociales",367
4,2021-08-01,"agosto","2021","Monotributistas_sociales",394
4,2021-09-01,"septiembre","2021","Monotributistas_sociales",401
4,2021-10-01,"octubre","2021","Monotributistas_sociales",398
4,2021-11-01,"noviembre","2021","Monotributistas_sociales",394
4,2021-12-01,"diciembre","2021","Monotributistas_sociales",440
4,2022-01-01,"enero","2022","Monotributistas_sociales",440
4,2022-02-01,"febrero","2022","Monotributistas_sociales",442
4,2022-03-01,"marzo","2022","Monotributistas_sociales",438
4,2022-04-01,"abril","2022","Monotributistas_sociales",436
4,2022-05-01,"mayo","2022","Monotributistas_sociales",432
4,2022-06-01,"junio","2022","Monotributistas_sociales",513
4,2022-07-01,"julio","2022","Monotributistas_sociales",509
4,2022-08-01,"agosto","2022","Monotributistas_sociales",503
4,2022-09-01,"septiembre","2022","Monotributistas_sociales",559
4,2022-10-01,"octubre","2022","Monotributistas_sociales",556
4,2022-11-01,"noviembre","2022","Monotributistas_sociales",551
4,2022-12-01,"diciembre","2022","Monotributistas_sociales",612
4,2023-01-01,"enero","2023","Monotributistas_sociales",609
4,2023-02-01,"febrero","2023","Monotributistas_sociales",604
4,2023-03-01,"marzo","2023","Monotributistas_sociales",602
4,2023-04-01,"abril","2023","Monotributistas_sociales",603
4,2012-01-01,"enero","2012","Privado",6068
4,2012-02-01,"febrero","2012","Privado",6062
4,2012-03-01,"marzo","2012","Privado",6072
4,2012-04-01,"abril","2012","Privado",6057
4,2012-05-01,"mayo","2012","Privado",6066
4,2012-06-01,"junio","2012","Privado",6065
4,2012-07-01,"julio","2012","Privado",6063
4,2012-08-01,"agosto","2012","Privado",6060
4,2012-09-01,"septiembre","2012","Privado",6058
4,2012-10-01,"octubre","2012","Privado",6063
4,2012-11-01,"noviembre","2012","Privado",6069
4,2012-12-01,"diciembre","2012","Privado",6091
4,2013-01-01,"enero","2013","Privado",6090
4,2013-02-01,"febrero","2013","Privado",6098
4,2013-03-01,"marzo","2013","Privado",6105
4,2013-04-01,"abril","2013","Privado",6116
4,2013-05-01,"mayo","2013","Privado",6109
4,2013-06-01,"junio","2013","Privado",6103
4,2013-07-01,"julio","2013","Privado",6110
4,2013-08-01,"agosto","2013","Privado",6125
4,2013-09-01,"septiembre","2013","Privado",6115
4,2013-10-01,"octubre","2013","Privado",6117
4,2013-11-01,"noviembre","2013","Privado",6127
4,2013-12-01,"diciembre","2013","Privado",6124
4,2014-01-01,"enero","2014","Privado",6116
4,2014-02-01,"febrero","2014","Privado",6110
4,2014-03-01,"marzo","2014","Privado",6090
4,2014-04-01,"abril","2014","Privado",6096
4,2014-05-01,"mayo","2014","Privado",6104
4,2014-06-01,"junio","2014","Privado",6110
4,2014-07-01,"julio","2014","Privado",6112
4,2014-08-01,"agosto","2014","Privado",6110
4,2014-09-01,"septiembre","2014","Privado",6120
4,2014-10-01,"octubre","2014","Privado",6128
4,2014-11-01,"noviembre","2014","Privado",6135
4,2014-12-01,"diciembre","2014","Privado",6143
4,2015-01-01,"enero","2015","Privado",6164
4,2015-02-01,"febrero","2015","Privado",6178
4,2015-03-01,"marzo","2015","Privado",6187
4,2015-04-01,"abril","2015","Privado",6225
4,2015-05-01,"mayo","2015","Privado",6228
4,2015-06-01,"junio","2015","Privado",6247
4,2015-07-01,"julio","2015","Privado",6253
4,2015-08-01,"agosto","2015","Privado",6267
4,2015-09-01,"septiembre","2015","Privado",6261
4,2015-10-01,"octubre","2015","Privado",6264
4,2015-11-01,"noviembre","2015","Privado",6254
4,2015-12-01,"diciembre","2015","Privado",6223
4,2016-01-01,"enero","2016","Privado",6209
4,2016-02-01,"febrero","2016","Privado",6206
4,2016-03-01,"marzo","2016","Privado",6199
4,2016-04-01,"abril","2016","Privado",6188
4,2016-05-01,"mayo","2016","Privado",6179
4,2016-06-01,"junio","2016","Privado",6171
4,2016-07-01,"julio","2016","Privado",6169
4,2016-08-01,"agosto","2016","Privado",6170
4,2016-09-01,"septiembre","2016","Privado",6173
4,2016-10-01,"octubre","2016","Privado",6180
4,2016-11-01,"noviembre","2016","Privado",6185
4,2016-12-01,"diciembre","2016","Privado",6187
4,2017-01-01,"enero","2017","Privado",6193
4,2017-02-01,"febrero","2017","Privado",6190
4,2017-03-01,"marzo","2017","Privado",6201
4,2017-04-01,"abril","2017","Privado",6198
4,2017-05-01,"mayo","2017","Privado",6212
4,2017-06-01,"junio","2017","Privado",6227
4,2017-07-01,"julio","2017","Privado",6235
4,2017-08-01,"agosto","2017","Privado",6236
4,2017-09-01,"septiembre","2017","Privado",6246
4,2017-10-01,"octubre","2017","Privado",6258
4,2017-11-01,"noviembre","2017","Privado",6270
4,2017-12-01,"diciembre","2017","Privado",6282
4,2018-01-01,"enero","2018","Privado",6275
4,2018-02-01,"febrero","2018","Privado",6271
4,2018-03-01,"marzo","2018","Privado",6278
4,2018-04-01,"abril","2018","Privado",6281
4,2018-05-01,"mayo","2018","Privado",6275
4,2018-06-01,"junio","2018","Privado",6253
4,2018-07-01,"julio","2018","Privado",6244
4,2018-08-01,"agosto","2018","Privado",6236
4,2018-09-01,"septiembre","2018","Privado",6210
4,2018-10-01,"octubre","2018","Privado",6196
4,2018-11-01,"noviembre","2018","Privado",6170
4,2018-12-01,"diciembre","2018","Privado",6154
4,2019-01-01,"enero","2019","Privado",6146
4,2019-02-01,"febrero","2019","Privado",6151
4,2019-03-01,"marzo","2019","Privado",6132
4,2019-04-01,"abril","2019","Privado",6125
4,2019-05-01,"mayo","2019","Privado",6119
4,2019-06-01,"junio","2019","Privado",6112
4,2019-07-01,"julio","2019","Privado",6106
4,2019-08-01,"agosto","2019","Privado",6096
4,2019-09-01,"septiembre","2019","Privado",6067
4,2019-10-01,"octubre","2019","Privado",6044
4,2019-11-01,"noviembre","2019","Privado",6024
4,2019-12-01,"diciembre","2019","Privado",6005
4,2020-01-01,"enero","2020","Privado",5988
4,2020-02-01,"febrero","2020","Privado",5990
4,2020-03-01,"marzo","2020","Privado",5945
4,2020-04-01,"abril","2020","Privado",5837
4,2020-05-01,"mayo","2020","Privado",5813
4,2020-06-01,"junio","2020","Privado",5808
4,2020-07-01,"julio","2020","Privado",5795
4,2020-08-01,"agosto","2020","Privado",5798
4,2020-09-01,"septiembre","2020","Privado",5802
4,2020-10-01,"octubre","2020","Privado",5804
4,2020-11-01,"noviembre","2020","Privado",5810
4,2020-12-01,"diciembre","2020","Privado",5811
4,2021-01-01,"enero","2021","Privado",5825
4,2021-02-01,"febrero","2021","Privado",5837
4,2021-03-01,"marzo","2021","Privado",5857
4,2021-04-01,"abril","2021","Privado",5891
4,2021-05-01,"mayo","2021","Privado",5893
4,2021-06-01,"junio","2021","Privado",5900
4,2021-07-01,"julio","2021","Privado",5903
4,2021-08-01,"agosto","2021","Privado",5919
4,2021-09-01,"septiembre","2021","Privado",5938
4,2021-10-01,"octubre","2021","Privado",5954
4,2021-11-01,"noviembre","2021","Privado",5977
4,2021-12-01,"diciembre","2021","Privado",6013
4,2022-01-01,"enero","2022","Privado",6042
4,2022-02-01,"febrero","2022","Privado",6060
4,2022-03-01,"marzo","2022","Privado",6080
4,2022-04-01,"abril","2022","Privado",6108
4,2022-05-01,"mayo","2022","Privado",6137
4,2022-06-01,"junio","2022","Privado",6167
4,2022-07-01,"julio","2022","Privado",6201
4,2022-08-01,"agosto","2022","Privado",6209
4,2022-09-01,"septiembre","2022","Privado",6233
4,2022-10-01,"octubre","2022","Privado",6252
4,2022-11-01,"noviembre","2022","Privado",6269
4,2022-12-01,"diciembre","2022","Privado",6282
4,2023-01-01,"enero","2023","Privado",6298
4,2023-02-01,"febrero","2023","Privado",6308
4,2023-03-01,"marzo","2023","Privado",6327
4,2023-04-01,"abril","2023","Privado",6344
4,2012-01-01,"enero","2012","Publico",2549
4,2012-02-01,"febrero","2012","Publico",2607
4,2012-03-01,"marzo","2012","Publico",2620
4,2012-04-01,"abril","2012","Publico",2624
4,2012-05-01,"mayo","2012","Publico",2596
4,2012-06-01,"junio","2012","Publico",2632
4,2012-07-01,"julio","2012","Publico",2629
4,2012-08-01,"agosto","2012","Publico",2638
4,2012-09-01,"septiembre","2012","Publico",2634
4,2012-10-01,"octubre","2012","Publico",2643
4,2012-11-01,"noviembre","2012","Publico",2658
4,2012-12-01,"diciembre","2012","Publico",2662
4,2013-01-01,"enero","2013","Publico",2713
4,2013-02-01,"febrero","2013","Publico",2718
4,2013-03-01,"marzo","2013","Publico",2723
4,2013-04-01,"abril","2013","Publico",2744
4,2013-05-01,"mayo","2013","Publico",2810
4,2013-06-01,"junio","2013","Publico",2798
4,2013-07-01,"julio","2013","Publico",2811
4,2013-08-01,"agosto","2013","Publico",2814
4,2013-09-01,"septiembre","2013","Publico",2821
4,2013-10-01,"octubre","2013","Publico",2838
4,2013-11-01,"noviembre","2013","Publico",2839
4,2013-12-01,"diciembre","2013","Publico",2857
4,2014-01-01,"enero","2014","Publico",2855
4,2014-02-01,"febrero","2014","Publico",2863
4,2014-03-01,"marzo","2014","Publico",2813
4,2014-04-01,"abril","2014","Publico",2874
4,2014-05-01,"mayo","2014","Publico",2883
4,2014-06-01,"junio","2014","Publico",2893
4,2014-07-01,"julio","2014","Publico",2903
4,2014-08-01,"agosto","2014","Publico",2908
4,2014-09-01,"septiembre","2014","Publico",2926
4,2014-10-01,"octubre","2014","Publico",2930
4,2014-11-01,"noviembre","2014","Publico",2944
4,2014-12-01,"diciembre","2014","Publico",2944
4,2015-01-01,"enero","2015","Publico",2955
4,2015-02-01,"febrero","2015","Publico",2966
4,2015-03-01,"marzo","2015","Publico",2974
4,2015-04-01,"abril","2015","Publico",2988
4,2015-05-01,"mayo","2015","Publico",3003
4,2015-06-01,"junio","2015","Publico",3016
4,2015-07-01,"julio","2015","Publico",3057
4,2015-08-01,"agosto","2015","Publico",3067
4,2015-09-01,"septiembre","2015","Publico",3069
4,2015-10-01,"octubre","2015","Publico",3084
4,2015-11-01,"noviembre","2015","Publico",3093
4,2015-12-01,"diciembre","2015","Publico",3090
4,2016-01-01,"enero","2016","Publico",3081
4,2016-02-01,"febrero","2016","Publico",3089
4,2016-03-01,"marzo","2016","Publico",3101
4,2016-04-01,"abril","2016","Publico",3102
4,2016-05-01,"mayo","2016","Publico",3102
4,2016-06-01,"junio","2016","Publico",3110
4,2016-07-01,"julio","2016","Publico",3114
4,2016-08-01,"agosto","2016","Publico",3115
4,2016-09-01,"septiembre","2016","Publico",3116
4,2016-10-01,"octubre","2016","Publico",3113
4,2016-11-01,"noviembre","2016","Publico",3118
4,2016-12-01,"diciembre","2016","Publico",3121
4,2017-01-01,"enero","2017","Publico",3123
4,2017-02-01,"febrero","2017","Publico",3123
4,2017-03-01,"marzo","2017","Publico",3125
4,2017-04-01,"abril","2017","Publico",3130
4,2017-05-01,"mayo","2017","Publico",3140
4,2017-06-01,"junio","2017","Publico",3143
4,2017-07-01,"julio","2017","Publico",3149
4,2017-08-01,"agosto","2017","Publico",3150
4,2017-09-01,"septiembre","2017","Publico",3159
4,2017-10-01,"octubre","2017","Publico",3156
4,2017-11-01,"noviembre","2017","Publico",3160
4,2017-12-01,"diciembre","2017","Publico",3165
4,2018-01-01,"enero","2018","Publico",3178
4,2018-02-01,"febrero","2018","Publico",3160
4,2018-03-01,"marzo","2018","Publico",3163
4,2018-04-01,"abril","2018","Publico",3162
4,2018-05-01,"mayo","2018","Publico",3159
4,2018-06-01,"junio","2018","Publico",3158
4,2018-07-01,"julio","2018","Publico",3159
4,2018-08-01,"agosto","2018","Publico",3166
4,2018-09-01,"septiembre","2018","Publico",3158
4,2018-10-01,"octubre","2018","Publico",3162
4,2018-11-01,"noviembre","2018","Publico",3159
4,2018-12-01,"diciembre","2018","Publico",3158
4,2019-01-01,"enero","2019","Publico",3167
4,2019-02-01,"febrero","2019","Publico",3170
4,2019-03-01,"marzo","2019","Publico",3170
4,2019-04-01,"abril","2019","Publico",3181
4,2019-05-01,"mayo","2019","Publico",3185
4,2019-06-01,"junio","2019","Publico",3187
4,2019-07-01,"julio","2019","Publico",3190
4,2019-08-01,"agosto","2019","Publico",3188
4,2019-09-01,"septiembre","2019","Publico",3201
4,2019-10-01,"octubre","2019","Publico",3207
4,2019-11-01,"noviembre","2019","Publico",3204
4,2019-12-01,"diciembre","2019","Publico",3212
4,2020-01-01,"enero","2020","Publico",3209
4,2020-02-01,"febrero","2020","Publico",3211
4,2020-03-01,"marzo","2020","Publico",3218
4,2020-04-01,"abril","2020","Publico",3206
4,2020-05-01,"mayo","2020","Publico",3199
4,2020-06-01,"junio","2020","Publico",3197
4,2020-07-01,"julio","2020","Publico",3200
4,2020-08-01,"agosto","2020","Publico",3204
4,2020-09-01,"septiembre","2020","Publico",3205
4,2020-10-01,"octubre","2020","Publico",3204
4,2020-11-01,"noviembre","2020","Publico",3220
4,2020-12-01,"diciembre","2020","Publico",3221
4,2021-01-01,"enero","2021","Publico",3227
4,2021-02-01,"febrero","2021","Publico",3241
4,2021-03-01,"marzo","2021","Publico",3259
4,2021-04-01,"abril","2021","Publico",3262
4,2021-05-01,"mayo","2021","Publico",3274
4,2021-06-01,"junio","2021","Publico",3280
4,2021-07-01,"julio","2021","Publico",3288
4,2021-08-01,"agosto","2021","Publico",3300
4,2021-09-01,"septiembre","2021","Publico",3308
4,2021-10-01,"octubre","2021","Publico",3319
4,2021-11-01,"noviembre","2021","Publico",3326
4,2021-12-01,"diciembre","2021","Publico",3337
4,2022-01-01,"enero","2022","Publico",3337
4,2022-02-01,"febrero","2022","Publico",3337
4,2022-03-01,"marzo","2022","Publico",3346
4,2022-04-01,"abril","2022","Publico",3349
4,2022-05-01,"mayo","2022","Publico",3356
4,2022-06-01,"junio","2022","Publico",3367
4,2022-07-01,"julio","2022","Publico",3376
4,2022-08-01,"agosto","2022","Publico",3369
4,2022-09-01,"septiembre","2022","Publico",3376
4,2022-10-01,"octubre","2022","Publico",3379
4,2022-11-01,"noviembre","2022","Publico",3387
4,2022-12-01,"diciembre","2022","Publico",3388
4,2023-01-01,"enero","2023","Publico",3399
4,2023-02-01,"febrero","2023","Publico",3412
4,2023-03-01,"marzo","2023","Publico",3418
4,2023-04-01,"abril","2023","Publico",3424
